<!-- Na descricao abaixo, os simbolos utilizados tem o seguinte significado: -->

<!-- ii: valor inteiro -->

<!-- ff: valor real. Para cor e alpha, o valor varia [0.0 e 1.0] -->

<!-- ss: sequência de caracteres -->

<!-- cc: caracter unico. Por exemplo: "x" or "y" or "z" -->

<!-- tt: "0" or "1" valor booleano com significado falso e verdadeiro -->


<SXG>
    <scene root="SXGRoot" axis_length="5" />

    <views default="defaultCamera">

        <!-- tem de existir, pelo menos, uma vista de -->

        <!-- entre as seguintes (perspective ou ortho) -->


        <perspective id="ss" near="ff" far="ff" angle="ff">

            <from x="ff" y="ff" z="ff" />

            <to x="ff" y="ff" z="ff" />

        </perspective>


        <ortho id="ss" near="ff" far="ff" left="ff" right="ff" top="ff" bottom="ff">

            <from x="ff" y="ff" z="ff" />

            <to x="ff" y="ff" z="ff" />

            <up x="ff" y="ff" z="ff" /> <!-- opcional, default 0,1,0 -->

        </ortho>


    </views>

</SXG>